bpm,ir_mean,ir_std,ir_min,ir_max,ir_ptp,slope_std,slope_mean,signal_quality,label,source_file
71.77033492822967,60.43609287975334,1778.0766666780737,-2592.6029527432706,2949.067618180432,5541.670570923703,66.14526775709442,-0.5574273144751941,0.9880640202446871,normal,1764262486_normal.csv
71.77033492822967,60.3727959154093,1780.9348354803792,-2603.736145146783,2969.45804876903,5573.194193915813,66.1971390318769,-0.5894118021984915,0.988122226372039,normal,1764262099_normal.csv
71.8562874251497,59.700673329341505,1778.8378065097536,-2601.232124564212,2965.7662217920156,5566.998346356228,66.15556178842502,-0.5664925015097443,0.98811647540369,normal,1764262536_normal.csv
71.77033492822967,59.469829313489186,1779.1729443080185,-2601.787862264622,2963.8261024900153,5565.613964754637,66.1728199601407,-0.5617325739226412,0.9881104186586954,normal,1764262164_normal.csv
